current_path,target_path,artifact_role,canonical_or_generated,consumers,workflow_references,documentation_references,runtime_imports,site_references,migration_risk,required_validation
ADOPTION.md,ADOPTION.md,"documentation, review contract, test or supporting source",source,README.md,no active GitHub Actions workflow at pinned baseline,README.md,no static match; dynamic reads listed under consumers,,medium: references and execution entry points,source/schema and reference integrity; CLI/build; review regressions; docs/site links; external/publication consumers unresolved
CHANGELOG.md,CHANGELOG.md,"documentation, review contract, test or supporting source",source,CONTRIBUTING.md; RAHP_Workflow_Reference (1).html; vocabularies.yaml,no active GitHub Actions workflow at pinned baseline,CONTRIBUTING.md,no static match; dynamic reads listed under consumers,RAHP_Workflow_Reference (1).html,medium: references and execution entry points,source/schema and reference integrity; CLI/build; review regressions; docs/site links; external/publication consumers unresolved
CONTRIBUTING.md,CONTRIBUTING.md,"documentation, review contract, test or supporting source",source,ADOPTION.md; CHANGELOG.md; README.md; ROADMAP.md; import_xlsx.py,no active GitHub Actions workflow at pinned baseline,ADOPTION.md; CHANGELOG.md; README.md; ROADMAP.md,import_xlsx.py,,medium: references and execution entry points,source/schema and reference integrity; CLI/build; review regressions; docs/site links; external/publication consumers unresolved
DTG RAHP - Personas.docx,archive/DTG RAHP - Personas.docx,historical migration input or context,historical,instance.yaml; personas.yaml; rahp.json,no active GitHub Actions workflow at pinned baseline,,no static match; dynamic reads listed under consumers,,medium: references and execution entry points,source/schema and reference integrity; CLI/build; review regressions; docs/site links; external/publication consumers unresolved
DTG RAHP — Priority Requirements for Standards Development.docx,archive/DTG RAHP — Priority Requirements for Standards Development.docx,historical migration input or context,historical,no static reference found; external consumers unknown,no active GitHub Actions workflow at pinned baseline,,no static match; dynamic reads listed under consumers,,medium: references and execution entry points,source/schema and reference integrity; CLI/build; review regressions; docs/site links; external/publication consumers unresolved
DTG_RAHP_Risk_Register_v4.xlsx,archive/DTG_RAHP_Risk_Register_v4.xlsx,historical migration input or context,historical,no static reference found; external consumers unknown,no active GitHub Actions workflow at pinned baseline,,no static match; dynamic reads listed under consumers,,medium: references and execution entry points,source/schema and reference integrity; CLI/build; review regressions; docs/site links; external/publication consumers unresolved
DTG_RAHP_User_Stories_Framework_v3.xlsx,archive/DTG_RAHP_User_Stories_Framework_v3.xlsx,historical migration input or context,historical,no static reference found; external consumers unknown,no active GitHub Actions workflow at pinned baseline,,no static match; dynamic reads listed under consumers,,medium: references and execution entry points,source/schema and reference integrity; CLI/build; review regressions; docs/site links; external/publication consumers unresolved
RAHP_AI_Assisted_Process.md,RAHP_AI_Assisted_Process.md,"documentation, review contract, test or supporting source",source,CONTRIBUTING.md; README.md,no active GitHub Actions workflow at pinned baseline,CONTRIBUTING.md; README.md,no static match; dynamic reads listed under consumers,,medium: references and execution entry points,source/schema and reference integrity; CLI/build; review regressions; docs/site links; external/publication consumers unresolved
RAHP_Workflow_Reference (1).html,retain published URL until hosting decision,retained published output; regeneration equivalence not established,retained-output,no static reference found; external consumers unknown,no active GitHub Actions workflow at pinned baseline,,no static match; dynamic reads listed under consumers,,high: publication paths or source consumers,source/schema and reference integrity; CLI/build; review regressions; docs/site links; external/publication consumers unresolved
README.md,README.md,"documentation, review contract, test or supporting source",source,ADOPTION.md; validate.py,no active GitHub Actions workflow at pinned baseline,ADOPTION.md,validate.py,,medium: references and execution entry points,source/schema and reference integrity; CLI/build; review regressions; docs/site links; external/publication consumers unresolved
ROADMAP.md,ROADMAP.md,"documentation, review contract, test or supporting source",source,no static reference found; external consumers unknown,no active GitHub Actions workflow at pinned baseline,,no static match; dynamic reads listed under consumers,,medium: references and execution entry points,source/schema and reference integrity; CLI/build; review regressions; docs/site links; external/publication consumers unresolved
assurance-tests.yaml,data/assurance-tests.yaml,instance record,canonical,ADOPTION.md; CONTRIBUTING.md; ROADMAP.md; build.py (instance-driven); import_xlsx.py; instance.yaml; validate.py (instance-driven); verify_migration.py; verify_migration.py (historical subset),no active GitHub Actions workflow at pinned baseline,ADOPTION.md; CONTRIBUTING.md; ROADMAP.md,import_xlsx.py; verify_migration.py,,high: publication paths or source consumers,source/schema and reference integrity; CLI/build; review regressions; docs/site links; external/publication consumers unresolved
assurance_test.jsonld,retain published URL until hosting decision,retained published output; regeneration equivalence not established,retained-output,no static reference found; external consumers unknown,no active GitHub Actions workflow at pinned baseline,,no static match; dynamic reads listed under consumers,,high: publication paths or source consumers,source/schema and reference integrity; CLI/build; review regressions; docs/site links; external/publication consumers unresolved
build.py,tools/build.py,runtime or historical migration tooling,source,CHANGELOG.md; CONTRIBUTING.md; README.md; ROADMAP.md; governance.html; index.html; lifecycle.html; matrix.html; normative.html; normative.md; rahp-toolkit.html; requirements.txt; risks.html; validate.yml,validate.yml (inactive),CHANGELOG.md; CONTRIBUTING.md; README.md; ROADMAP.md; normative.md,no static match; dynamic reads listed under consumers,governance.html; index.html; lifecycle.html; matrix.html; normative.html; rahp-toolkit.html; risks.html,medium: references and execution entry points,source/schema and reference integrity; CLI/build; review regressions; docs/site links; external/publication consumers unresolved
control-refinement.yml,retain pending template audit,form/template; integration not established,source,no static reference found; external consumers unknown,no active GitHub Actions workflow at pinned baseline,,no static match; dynamic reads listed under consumers,,medium: references and execution entry points,source/schema and reference integrity; CLI/build; review regressions; docs/site links; external/publication consumers unresolved
control.jsonld,retain published URL until hosting decision,retained published output; regeneration equivalence not established,retained-output,no static reference found; external consumers unknown,no active GitHub Actions workflow at pinned baseline,,no static match; dynamic reads listed under consumers,,high: publication paths or source consumers,source/schema and reference integrity; CLI/build; review regressions; docs/site links; external/publication consumers unresolved
controls.yaml,data/controls.yaml,instance record,canonical,ADOPTION.md; CONTRIBUTING.md; ROADMAP.md; build.py (instance-driven); import_xlsx.py; instance.yaml; validate.py (instance-driven); verify_migration.py; verify_migration.py (historical subset),no active GitHub Actions workflow at pinned baseline,ADOPTION.md; CONTRIBUTING.md; ROADMAP.md,import_xlsx.py; verify_migration.py,,high: publication paths or source consumers,source/schema and reference integrity; CLI/build; review regressions; docs/site links; external/publication consumers unresolved
coverage.json,retain published URL until hosting decision,retained published output; regeneration equivalence not established,retained-output,no static reference found; external consumers unknown,no active GitHub Actions workflow at pinned baseline,,no static match; dynamic reads listed under consumers,,high: publication paths or source consumers,source/schema and reference integrity; CLI/build; review regressions; docs/site links; external/publication consumers unresolved
docs/pressure-testing-a-spec.md,docs/pressure-testing-a-spec.md,"documentation, review contract, test or supporting source",source,ADOPTION.md; README.md; review/README.md,no active GitHub Actions workflow at pinned baseline,ADOPTION.md; README.md; review/README.md,no static match; dynamic reads listed under consumers,,medium: references and execution entry points,source/schema and reference integrity; CLI/build; review regressions; docs/site links; external/publication consumers unresolved
download,download,"documentation, review contract, test or supporting source",source,no static reference found; external consumers unknown,no active GitHub Actions workflow at pinned baseline,,no static match; dynamic reads listed under consumers,,medium: references and execution entry points,source/schema and reference integrity; CLI/build; review regressions; docs/site links; external/publication consumers unresolved
epic.jsonld,retain published URL until hosting decision,retained published output; regeneration equivalence not established,retained-output,no static reference found; external consumers unknown,no active GitHub Actions workflow at pinned baseline,,no static match; dynamic reads listed under consumers,,high: publication paths or source consumers,source/schema and reference integrity; CLI/build; review regressions; docs/site links; external/publication consumers unresolved
epics.yaml,data/epics.yaml,instance record,canonical,CONTRIBUTING.md; build.py (instance-driven); import_xlsx.py; instance.yaml; validate.py (instance-driven); verify_migration.py (historical subset),no active GitHub Actions workflow at pinned baseline,CONTRIBUTING.md,import_xlsx.py,,high: publication paths or source consumers,source/schema and reference integrity; CLI/build; review regressions; docs/site links; external/publication consumers unresolved
governance-precedents.yaml,data/governance-precedents.yaml,instance record,canonical,ADOPTION.md; CHANGELOG.md; CONTRIBUTING.md; ROADMAP.md; build.py (instance-driven); instance.yaml; lifecycle.html; lifecycle.yaml; rahp-toolkit.html; review/examples/minimal-review.yaml; validate.py (instance-driven); verify_migration.py (historical subset),no active GitHub Actions workflow at pinned baseline,ADOPTION.md; CHANGELOG.md; CONTRIBUTING.md; ROADMAP.md,no static match; dynamic reads listed under consumers,lifecycle.html; rahp-toolkit.html,high: publication paths or source consumers,source/schema and reference integrity; CLI/build; review regressions; docs/site links; external/publication consumers unresolved
governance.html,retain published URL until hosting decision,retained published output; regeneration equivalence not established,retained-output,build.py; index.html; lifecycle.html; matrix.html; normative.html; risks.html,no active GitHub Actions workflow at pinned baseline,,build.py,index.html; lifecycle.html; matrix.html; normative.html; risks.html,high: publication paths or source consumers,source/schema and reference integrity; CLI/build; review regressions; docs/site links; external/publication consumers unresolved
governance_precedent.jsonld,retain published URL until hosting decision,retained published output; regeneration equivalence not established,retained-output,no static reference found; external consumers unknown,no active GitHub Actions workflow at pinned baseline,,no static match; dynamic reads listed under consumers,,high: publication paths or source consumers,source/schema and reference integrity; CLI/build; review regressions; docs/site links; external/publication consumers unresolved
guardrail.jsonld,retain published URL until hosting decision,retained published output; regeneration equivalence not established,retained-output,no static reference found; external consumers unknown,no active GitHub Actions workflow at pinned baseline,,no static match; dynamic reads listed under consumers,,high: publication paths or source consumers,source/schema and reference integrity; CLI/build; review regressions; docs/site links; external/publication consumers unresolved
guardrails.yaml,data/guardrails.yaml,instance record,canonical,ADOPTION.md; CONTRIBUTING.md; build.py (instance-driven); import_xlsx.py; instance.yaml; validate.py (instance-driven); verify_migration.py; verify_migration.py (historical subset),no active GitHub Actions workflow at pinned baseline,ADOPTION.md; CONTRIBUTING.md,import_xlsx.py; verify_migration.py,,high: publication paths or source consumers,source/schema and reference integrity; CLI/build; review regressions; docs/site links; external/publication consumers unresolved
import_xlsx.py,tools/import_xlsx.py,runtime or historical migration tooling,source,CONTRIBUTING.md; assurance-tests.yaml; controls.yaml; epics.yaml; guardrails.yaml; metrics.yaml; requirements.txt; risks.yaml; scenarios.yaml; user-stories.yaml; verify_migration.py,no active GitHub Actions workflow at pinned baseline,CONTRIBUTING.md,verify_migration.py,,medium: references and execution entry points,source/schema and reference integrity; CLI/build; review regressions; docs/site links; external/publication consumers unresolved
index.html,retain published URL until hosting decision,retained published output; regeneration equivalence not established,retained-output,README.md; build.py; governance.html; lifecycle.html; matrix.html; normative.html; risks.html,no active GitHub Actions workflow at pinned baseline,README.md,build.py,governance.html; lifecycle.html; matrix.html; normative.html; risks.html,high: publication paths or source consumers,source/schema and reference integrity; CLI/build; review regressions; docs/site links; external/publication consumers unresolved
instance.yaml,data/instance.yaml,instance record,canonical,CHANGELOG.md; CONTRIBUTING.md; README.md; ROADMAP.md; build.py; validate.py; validate.py/build.py (contract-specific paths; inspect source),no active GitHub Actions workflow at pinned baseline,CHANGELOG.md; CONTRIBUTING.md; README.md; ROADMAP.md,build.py; validate.py,,high: publication paths or source consumers,source/schema and reference integrity; CLI/build; review regressions; docs/site links; external/publication consumers unresolved
lifecycle.html,retain published URL until hosting decision,retained published output; regeneration equivalence not established,retained-output,README.md; build.py; governance.html; index.html; matrix.html; normative.html; risks.html,no active GitHub Actions workflow at pinned baseline,README.md,build.py,governance.html; index.html; matrix.html; normative.html; risks.html,high: publication paths or source consumers,source/schema and reference integrity; CLI/build; review regressions; docs/site links; external/publication consumers unresolved
lifecycle.yaml,method/lifecycle.yaml,method contract,canonical,CHANGELOG.md; CONTRIBUTING.md; README.md; build.py; instance.yaml; process-question.yml; risk-acceptances.yaml; validate.py/build.py (contract-specific paths; inspect source),no active GitHub Actions workflow at pinned baseline,CHANGELOG.md; CONTRIBUTING.md; README.md,build.py,,high: publication paths or source consumers,source/schema and reference integrity; CLI/build; review regressions; docs/site links; external/publication consumers unresolved
matrix.html,retain published URL until hosting decision,retained published output; regeneration equivalence not established,retained-output,build.py; governance.html; index.html; lifecycle.html; normative.html; risks.html,no active GitHub Actions workflow at pinned baseline,,build.py,governance.html; index.html; lifecycle.html; normative.html; risks.html,high: publication paths or source consumers,source/schema and reference integrity; CLI/build; review regressions; docs/site links; external/publication consumers unresolved
metric.jsonld,retain published URL until hosting decision,retained published output; regeneration equivalence not established,retained-output,no static reference found; external consumers unknown,no active GitHub Actions workflow at pinned baseline,,no static match; dynamic reads listed under consumers,,high: publication paths or source consumers,source/schema and reference integrity; CLI/build; review regressions; docs/site links; external/publication consumers unresolved
metrics.yaml,data/metrics.yaml,instance record,canonical,CONTRIBUTING.md; build.py (instance-driven); import_xlsx.py; instance.yaml; validate.py (instance-driven); verify_migration.py; verify_migration.py (historical subset),no active GitHub Actions workflow at pinned baseline,CONTRIBUTING.md,import_xlsx.py; verify_migration.py,,high: publication paths or source consumers,source/schema and reference integrity; CLI/build; review regressions; docs/site links; external/publication consumers unresolved
new-risk.yml,retain pending template audit,form/template; integration not established,source,no static reference found; external consumers unknown,no active GitHub Actions workflow at pinned baseline,,no static match; dynamic reads listed under consumers,,medium: references and execution entry points,source/schema and reference integrity; CLI/build; review regressions; docs/site links; external/publication consumers unresolved
normative.html,retain published URL until hosting decision,retained published output; regeneration equivalence not established,retained-output,README.md; build.py; governance.html; index.html; lifecycle.html; matrix.html; risks.html,no active GitHub Actions workflow at pinned baseline,README.md,build.py,governance.html; index.html; lifecycle.html; matrix.html; risks.html,high: publication paths or source consumers,source/schema and reference integrity; CLI/build; review regressions; docs/site links; external/publication consumers unresolved
normative.json,retain published URL until hosting decision,retained published output; regeneration equivalence not established,retained-output,no static reference found; external consumers unknown,no active GitHub Actions workflow at pinned baseline,,no static match; dynamic reads listed under consumers,,high: publication paths or source consumers,source/schema and reference integrity; CLI/build; review regressions; docs/site links; external/publication consumers unresolved
normative.md,normative.md,"documentation, review contract, test or supporting source",source,CHANGELOG.md; README.md; build.py,no active GitHub Actions workflow at pinned baseline,CHANGELOG.md; README.md,build.py,,medium: references and execution entry points,source/schema and reference integrity; CLI/build; review regressions; docs/site links; external/publication consumers unresolved
persona-gap.yml,retain pending template audit,form/template; integration not established,source,no static reference found; external consumers unknown,no active GitHub Actions workflow at pinned baseline,,no static match; dynamic reads listed under consumers,,medium: references and execution entry points,source/schema and reference integrity; CLI/build; review regressions; docs/site links; external/publication consumers unresolved
persona.jsonld,retain published URL until hosting decision,retained published output; regeneration equivalence not established,retained-output,no static reference found; external consumers unknown,no active GitHub Actions workflow at pinned baseline,,no static match; dynamic reads listed under consumers,,high: publication paths or source consumers,source/schema and reference integrity; CLI/build; review regressions; docs/site links; external/publication consumers unresolved
persona_xrefs.json,retain published URL until hosting decision,retained published output; regeneration equivalence not established,retained-output,no static reference found; external consumers unknown,no active GitHub Actions workflow at pinned baseline,,no static match; dynamic reads listed under consumers,,high: publication paths or source consumers,source/schema and reference integrity; CLI/build; review regressions; docs/site links; external/publication consumers unresolved
personas.yaml,data/personas.yaml,instance record,canonical,ADOPTION.md; CHANGELOG.md; CONTRIBUTING.md; build.py (instance-driven); import_xlsx.py; instance.yaml; validate.py (instance-driven); verify_migration.py (historical subset),no active GitHub Actions workflow at pinned baseline,ADOPTION.md; CHANGELOG.md; CONTRIBUTING.md,import_xlsx.py,,high: publication paths or source consumers,source/schema and reference integrity; CLI/build; review regressions; docs/site links; external/publication consumers unresolved
process-question.yml,retain pending template audit,form/template; integration not established,source,no static reference found; external consumers unknown,no active GitHub Actions workflow at pinned baseline,,no static match; dynamic reads listed under consumers,,medium: references and execution entry points,source/schema and reference integrity; CLI/build; review regressions; docs/site links; external/publication consumers unresolved
pull_request_template.md,pull_request_template.md,"documentation, review contract, test or supporting source",source,no static reference found; external consumers unknown,no active GitHub Actions workflow at pinned baseline,,no static match; dynamic reads listed under consumers,,medium: references and execution entry points,source/schema and reference integrity; CLI/build; review regressions; docs/site links; external/publication consumers unresolved
rahp-toolkit.html,retain published URL until hosting decision,retained published output; regeneration equivalence not established,retained-output,build.py,no active GitHub Actions workflow at pinned baseline,,build.py,,high: publication paths or source consumers,source/schema and reference integrity; CLI/build; review regressions; docs/site links; external/publication consumers unresolved
rahp.json,retain published URL until hosting decision,retained published output; regeneration equivalence not established,retained-output,CHANGELOG.md; README.md; assurance_test.jsonld; build.py; control.jsonld; epic.jsonld; governance_precedent.jsonld; guardrail.jsonld; metric.jsonld; persona.jsonld; recommendation.jsonld; risk.jsonld; risk_acceptance.jsonld; scenario.jsonld; user_story.jsonld,no active GitHub Actions workflow at pinned baseline,CHANGELOG.md; README.md,build.py,,high: publication paths or source consumers,source/schema and reference integrity; CLI/build; review regressions; docs/site links; external/publication consumers unresolved
rahp.jsonld,context/rahp.jsonld,JSON-LD context,canonical,CHANGELOG.md; assurance_test.jsonld; build.py; control.jsonld; epic.jsonld; governance_precedent.jsonld; guardrail.jsonld; metric.jsonld; persona.jsonld; recommendation.jsonld; risk.jsonld; risk_acceptance.jsonld; scenario.jsonld; user_story.jsonld; validate.py/build.py (contract-specific paths; inspect source),no active GitHub Actions workflow at pinned baseline,CHANGELOG.md,build.py,,high: publication paths or source consumers,source/schema and reference integrity; CLI/build; review regressions; docs/site links; external/publication consumers unresolved
rahp.schema.json,method/schema/rahp.schema.json,record schema,canonical,validate.py; validate.py/build.py (contract-specific paths; inspect source),no active GitHub Actions workflow at pinned baseline,,validate.py,,high: publication paths or source consumers,source/schema and reference integrity; CLI/build; review regressions; docs/site links; external/publication consumers unresolved
recommendation.jsonld,retain published URL until hosting decision,retained published output; regeneration equivalence not established,retained-output,no static reference found; external consumers unknown,no active GitHub Actions workflow at pinned baseline,,no static match; dynamic reads listed under consumers,,high: publication paths or source consumers,source/schema and reference integrity; CLI/build; review regressions; docs/site links; external/publication consumers unresolved
recommendations.yaml,data/recommendations.yaml,instance record,canonical,ADOPTION.md; CHANGELOG.md; CONTRIBUTING.md; build.py (instance-driven); instance.yaml; validate.py (instance-driven); verify_migration.py (historical subset),no active GitHub Actions workflow at pinned baseline,ADOPTION.md; CHANGELOG.md; CONTRIBUTING.md,no static match; dynamic reads listed under consumers,,high: publication paths or source consumers,source/schema and reference integrity; CLI/build; review regressions; docs/site links; external/publication consumers unresolved
requirements.txt,requirements.txt,"documentation, review contract, test or supporting source",source,CONTRIBUTING.md; README.md; build.py; import_xlsx.py; validate.py; validate.yml,validate.yml (inactive),CONTRIBUTING.md; README.md,build.py; import_xlsx.py; validate.py,,medium: references and execution entry points,source/schema and reference integrity; CLI/build; review regressions; docs/site links; external/publication consumers unresolved
review/README.md,review/README.md,"documentation, review contract, test or supporting source",source,ADOPTION.md; validate.py,no active GitHub Actions workflow at pinned baseline,ADOPTION.md,validate.py,,medium: references and execution entry points,source/schema and reference integrity; CLI/build; review regressions; docs/site links; external/publication consumers unresolved
review/examples/invalid-mutable-revision.yaml,review/examples/invalid-mutable-revision.yaml,"documentation, review contract, test or supporting source",source,tests/test_spec_review.py,no active GitHub Actions workflow at pinned baseline,,tests/test_spec_review.py,,medium: references and execution entry points,source/schema and reference integrity; CLI/build; review regressions; docs/site links; external/publication consumers unresolved
review/examples/invalid-resolved-without-resolution.yaml,review/examples/invalid-resolved-without-resolution.yaml,"documentation, review contract, test or supporting source",source,tests/test_spec_review.py,no active GitHub Actions workflow at pinned baseline,,tests/test_spec_review.py,,medium: references and execution entry points,source/schema and reference integrity; CLI/build; review regressions; docs/site links; external/publication consumers unresolved
review/examples/invalid-unknown-risk.yaml,review/examples/invalid-unknown-risk.yaml,"documentation, review contract, test or supporting source",source,tests/test_spec_review.py,no active GitHub Actions workflow at pinned baseline,,tests/test_spec_review.py,,medium: references and execution entry points,source/schema and reference integrity; CLI/build; review regressions; docs/site links; external/publication consumers unresolved
review/examples/minimal-review.yaml,review/examples/minimal-review.yaml,"documentation, review contract, test or supporting source",source,docs/pressure-testing-a-spec.md; review/README.md; tests/test_spec_review.py,no active GitHub Actions workflow at pinned baseline,docs/pressure-testing-a-spec.md; review/README.md,tests/test_spec_review.py,,medium: references and execution entry points,source/schema and reference integrity; CLI/build; review regressions; docs/site links; external/publication consumers unresolved
review/spec-review.schema.json,review/spec-review.schema.json,"documentation, review contract, test or supporting source",source,review/README.md; review/validate_spec_review.py,no active GitHub Actions workflow at pinned baseline,review/README.md,review/validate_spec_review.py,,medium: references and execution entry points,source/schema and reference integrity; CLI/build; review regressions; docs/site links; external/publication consumers unresolved
review/validate_spec_review.py,review/validate_spec_review.py,"documentation, review contract, test or supporting source",source,docs/pressure-testing-a-spec.md; review/README.md; tests/test_spec_review.py,no active GitHub Actions workflow at pinned baseline,docs/pressure-testing-a-spec.md; review/README.md,tests/test_spec_review.py,,medium: references and execution entry points,source/schema and reference integrity; CLI/build; review regressions; docs/site links; external/publication consumers unresolved
risk-acceptances.yaml,data/risk-acceptances.yaml,instance record,canonical,CHANGELOG.md; CONTRIBUTING.md; README.md; ROADMAP.md; build.py (instance-driven); instance.yaml; lifecycle.html; lifecycle.yaml; rahp-toolkit.html; validate.py (instance-driven); verify_migration.py (historical subset),no active GitHub Actions workflow at pinned baseline,CHANGELOG.md; CONTRIBUTING.md; README.md; ROADMAP.md,no static match; dynamic reads listed under consumers,lifecycle.html; rahp-toolkit.html,high: publication paths or source consumers,source/schema and reference integrity; CLI/build; review regressions; docs/site links; external/publication consumers unresolved
risk.jsonld,retain published URL until hosting decision,retained published output; regeneration equivalence not established,retained-output,no static reference found; external consumers unknown,no active GitHub Actions workflow at pinned baseline,,no static match; dynamic reads listed under consumers,,high: publication paths or source consumers,source/schema and reference integrity; CLI/build; review regressions; docs/site links; external/publication consumers unresolved
risk_acceptance.jsonld,retain published URL until hosting decision,retained published output; regeneration equivalence not established,retained-output,no static reference found; external consumers unknown,no active GitHub Actions workflow at pinned baseline,,no static match; dynamic reads listed under consumers,,high: publication paths or source consumers,source/schema and reference integrity; CLI/build; review regressions; docs/site links; external/publication consumers unresolved
risks.html,retain published URL until hosting decision,retained published output; regeneration equivalence not established,retained-output,README.md; build.py; governance.html; index.html; lifecycle.html; matrix.html; normative.html,no active GitHub Actions workflow at pinned baseline,README.md,build.py,governance.html; index.html; lifecycle.html; matrix.html; normative.html,high: publication paths or source consumers,source/schema and reference integrity; CLI/build; review regressions; docs/site links; external/publication consumers unresolved
risks.yaml,data/risks.yaml,instance record,canonical,ADOPTION.md; CONTRIBUTING.md; ROADMAP.md; build.py (instance-driven); docs/pressure-testing-a-spec.md; import_xlsx.py; instance.yaml; review/validate_spec_review.py; tests/test_spec_review.py; validate.py (instance-driven); verify_migration.py; verify_migration.py (historical subset),no active GitHub Actions workflow at pinned baseline,ADOPTION.md; CONTRIBUTING.md; ROADMAP.md; docs/pressure-testing-a-spec.md,import_xlsx.py; review/validate_spec_review.py; tests/test_spec_review.py; verify_migration.py,,high: publication paths or source consumers,source/schema and reference integrity; CLI/build; review regressions; docs/site links; external/publication consumers unresolved
scenario.jsonld,retain published URL until hosting decision,retained published output; regeneration equivalence not established,retained-output,no static reference found; external consumers unknown,no active GitHub Actions workflow at pinned baseline,,no static match; dynamic reads listed under consumers,,high: publication paths or source consumers,source/schema and reference integrity; CLI/build; review regressions; docs/site links; external/publication consumers unresolved
scenarios.yaml,data/scenarios.yaml,instance record,canonical,ADOPTION.md; CONTRIBUTING.md; build.py (instance-driven); import_xlsx.py; instance.yaml; validate.py (instance-driven); verify_migration.py; verify_migration.py (historical subset),no active GitHub Actions workflow at pinned baseline,ADOPTION.md; CONTRIBUTING.md,import_xlsx.py; verify_migration.py,,high: publication paths or source consumers,source/schema and reference integrity; CLI/build; review regressions; docs/site links; external/publication consumers unresolved
spec-gap.yml,retain pending template audit,form/template; integration not established,source,no static reference found; external consumers unknown,no active GitHub Actions workflow at pinned baseline,,no static match; dynamic reads listed under consumers,,medium: references and execution entry points,source/schema and reference integrity; CLI/build; review regressions; docs/site links; external/publication consumers unresolved
tests/test_spec_review.py,tests/test_spec_review.py,"documentation, review contract, test or supporting source",source,no static reference found; external consumers unknown,no active GitHub Actions workflow at pinned baseline,,no static match; dynamic reads listed under consumers,,medium: references and execution entry points,source/schema and reference integrity; CLI/build; review regressions; docs/site links; external/publication consumers unresolved
user-stories.yaml,data/user-stories.yaml,instance record,canonical,CONTRIBUTING.md; build.py (instance-driven); import_xlsx.py; instance.yaml; validate.py (instance-driven); verify_migration.py; verify_migration.py (historical subset),no active GitHub Actions workflow at pinned baseline,CONTRIBUTING.md,import_xlsx.py; verify_migration.py,,high: publication paths or source consumers,source/schema and reference integrity; CLI/build; review regressions; docs/site links; external/publication consumers unresolved
user_story.jsonld,retain published URL until hosting decision,retained published output; regeneration equivalence not established,retained-output,no static reference found; external consumers unknown,no active GitHub Actions workflow at pinned baseline,,no static match; dynamic reads listed under consumers,,high: publication paths or source consumers,source/schema and reference integrity; CLI/build; review regressions; docs/site links; external/publication consumers unresolved
validate.py,tools/validate.py,runtime or historical migration tooling,source,CHANGELOG.md; CONTRIBUTING.md; README.md; ROADMAP.md; pull_request_template.md; rahp.schema.json; requirements.txt; risk-acceptances.yaml; validate.yml; vocabularies.yaml,validate.yml (inactive),CHANGELOG.md; CONTRIBUTING.md; README.md; ROADMAP.md; pull_request_template.md,no static match; dynamic reads listed under consumers,,medium: references and execution entry points,source/schema and reference integrity; CLI/build; review regressions; docs/site links; external/publication consumers unresolved
validate.yml,.github/workflows/validate.yml (activation needs review),inactive workflow template,source,no static reference found; external consumers unknown,no active GitHub Actions workflow at pinned baseline,,no static match; dynamic reads listed under consumers,,medium: references and execution entry points,source/schema and reference integrity; CLI/build; review regressions; docs/site links; external/publication consumers unresolved
verify_migration.py,tools/verify_migration.py,runtime or historical migration tooling,source,no static reference found; external consumers unknown,no active GitHub Actions workflow at pinned baseline,,no static match; dynamic reads listed under consumers,,medium: references and execution entry points,source/schema and reference integrity; CLI/build; review regressions; docs/site links; external/publication consumers unresolved
vocabularies.yaml,method/vocabularies.yaml,method contract,canonical,CHANGELOG.md; CONTRIBUTING.md; rahp.schema.json; validate.py; validate.py/build.py (contract-specific paths; inspect source),no active GitHub Actions workflow at pinned baseline,CHANGELOG.md; CONTRIBUTING.md,validate.py,,high: publication paths or source consumers,source/schema and reference integrity; CLI/build; review regressions; docs/site links; external/publication consumers unresolved
